{
  "player": [
    {
      "type": "image",
      "key": "player1",
      "url": "assets/sprites/player.png",
      "overwrite": false
    },
    {
      "type": "script",
      "key": "player2",
      "url": "assets/canvas/prefabs/Player.js"
    },
    {
      "type": "image",
      "key": "vida",
      "url": "assets/sprites/vida.png",
      "overwrite": false
    },
    {
      "type": "script",
      "key": "Vida",
      "url": "assets/canvas/prefabs/Vida.js"
    }
  ],
  "meta": {
    "generated": "1564154145975",
    "app": "Phaser Editor",
    "url": "http://phasereditor.boniatillo.com",
    "version": "1.0",
    "copyright": "Arian Fornaris (c) 2015,2016"
  }
}